{"stats":{"minecraft:picked_up":{"minecraft:birch_log":3,"minecraft:pink_petals":3,"minecraft:crafting_table":10,"minecraft:feather":2,"minecraft:chicken":1,"minecraft:clay_ball":10,"minecraft:salmon":2,"minecraft:leather":5,"minecraft:smoker":7,"minecraft:oak_log":1,"minecraft:string":12,"minecraft:bone":5,"minecraft:wheat_seeds":2,"minecraft:beef":8,"minecraft:andesite_stairs":1,"minecraft:cooked_chicken":3,"minecraft:poppy":2,"minecraft:bamboo":4,"minecraft:melon_slice":5,"minecraft:egg":1,"minecraft:furnace":5,"minecraft:stick":8,"minecraft:raw_iron":9,"minecraft:sweet_berries":2,"minecraft:copper_ingot":1,"minecraft:acacia_log":1,"minecraft:sand":12,"minecraft:porkchop":5,"minecraft:cherry_log":3,"minecraft:carrot":6,"minecraft:honey_bottle":2,"minecraft:arrow":9,"minecraft:rotten_flesh":16,"minecraft:hay_block":12,"minecraft:oak_sapling":3,"minecraft:damaged_anvil":1,"minecraft:cod":2,"minecraft:mutton":13,"minecraft:coal":31,"minecraft:white_wool":8,"minecraft:cobblestone":17},"minecraft:crafted":{"minecraft:cooked_beef":14,"minecraft:cherry_planks":12,"minecraft:red_dye":2,"minecraft:oak_planks":4,"minecraft:cooked_porkchop":13,"minecraft:crafting_table":1,"travelersbackpack:standard":1,"travelersbackpack:backpack_tank":2,"minecraft:wooden_pickaxe":1,"minecraft:baked_potato":5,"minecraft:cooked_chicken":1,"minecraft:furnace":1,"minecraft:red_wool":2,"minecraft:birch_planks":12,"minecraft:cooked_mutton":16,"minecraft:bread":3,"minecraft:air":0,"travelersbackpack:red_sleeping_bag":1,"minecraft:glass":12,"minecraft:iron_boots":1,"minecraft:shield":1,"minecraft:iron_axe":1,"minecraft:stick":18,"minecraft:iron_ingot":9,"minecraft:iron_pickaxe":1,"minecraft:stone_pickaxe":1,"minecraft:wooden_axe":1,"minecraft:chest":1,"minecraft:acacia_planks":4},"minecraft:dropped":{"minecraft:sweet_berries":2,"minecraft:wheat_seeds":1,"minecraft:iron_nugget":4,"minecraft:cooked_chicken":3,"minecraft:crafting_table":2,"minecraft:rotten_flesh":7,"minecraft:clay_ball":10,"minecraft:honey_bottle":2,"minecraft:carrot":6,"minecraft:salmon":2,"minecraft:coal":14,"minecraft:cod":2,"minecraft:stick":8,"minecraft:melon_slice":5,"minecraft:oak_sapling":3,"minecraft:string":12},"minecraft:used":{"minecraft:water_bucket":1,"minecraft:stone_pickaxe":22,"minecraft:wooden_pickaxe":9,"minecraft:shield":8,"minecraft:iron_sword":51,"minecraft:cooked_chicken":1,"minecraft:crafting_table":7,"minecraft:smoker":5,"minecraft:wooden_axe":14,"minecraft:apple":12,"minecraft:iron_axe":15,"minecraft:iron_pickaxe":18,"minecraft:pink_petals":3,"minecraft:cobblestone":6,"minecraft:hay_block":8,"minecraft:furnace":2,"minecraft:cooked_porkchop":6,"minecraft:andesite_stairs":1,"minecraft:bucket":1,"minecraft:cooked_beef":1},"minecraft:custom":{"minecraft:interact_with_furnace":27,"lootr:looted_stat":25,"minecraft:mob_kills":28,"minecraft:interact_with_crafting_table":15,"minecraft:leave_game":3,"minecraft:time_since_death":46637,"minecraft:climb_one_cm":44,"minecraft:time_since_rest":46637,"minecraft:sprint_one_cm":161608,"minecraft:damage_taken":837,"minecraft:walk_one_cm":69299,"minecraft:damage_blocked_by_shield":230,"minecraft:drop":25,"minecraft:damage_dealt":3283,"minecraft:swim_one_cm":5128,"minecraft:fly_one_cm":194012,"minecraft:crouch_one_cm":9423,"minecraft:play_time":46637,"minecraft:sneak_time":2370,"minecraft:walk_under_water_one_cm":956,"minecraft:jump":904,"minecraft:walk_on_water_one_cm":83,"minecraft:total_world_time":46637,"minecraft:interact_with_smoker":13,"minecraft:fall_one_cm":32650},"minecraft:mined":{"minecraft:acacia_leaves":3,"minecraft:andesite_stairs":1,"minecraft:smoker":7,"minecraft:cherry_log":3,"visualworkbench:minecraft/crafting_table":6,"minecraft:crafting_table":2,"minecraft:short_grass":7,"minecraft:acacia_log":1,"minecraft:poppy":2,"minecraft:tall_grass":2,"minecraft:damaged_anvil":1,"minecraft:pink_petals":2,"minecraft:hay_block":12,"minecraft:furnace":5,"minecraft:birch_log":3,"minecraft:iron_ore":9,"minecraft:birch_leaves":4,"minecraft:oak_log":1,"minecraft:coal_ore":8,"minecraft:sand":12,"minecraft:bamboo":1,"minecraft:stone":17,"minecraft:oak_leaves":3},"minecraft:killed":{"minecraft:pig":3,"minecraft:sheep":8,"minecraft:skeleton":4,"minecraft:zombie":6,"minecraft:chicken":1,"minecraft:drowned":1,"minecraft:cow":4}},"DataVersion":3700}