{"stats":{"minecraft:killed":{"minecraft:pig":9,"minecraft:creeper":1,"minecraft:sheep":9,"minecraft:skeleton":4,"minecraft:zombie":7,"minecraft:chicken":1,"minecraft:drowned":1,"minecraft:cow":10},"minecraft:mined":{"minecraft:acacia_leaves":3,"minecraft:andesite_stairs":1,"minecraft:smoker":8,"minecraft:cherry_log":3,"minecraft:brewing_stand":1,"visualworkbench:minecraft/crafting_table":7,"minecraft:crafting_table":2,"minecraft:short_grass":13,"minecraft:acacia_log":1,"minecraft:poppy":2,"minecraft:chest":1,"minecraft:lectern":3,"minecraft:tall_grass":5,"minecraft:sugar_cane":3,"minecraft:damaged_anvil":1,"minecraft:pink_petals":2,"minecraft:hay_block":30,"minecraft:furnace":5,"minecraft:stripped_spruce_wood":4,"minecraft:birch_log":3,"minecraft:iron_ore":9,"minecraft:birch_leaves":4,"minecraft:coal_ore":8,"minecraft:oak_log":5,"minecraft:sand":12,"minecraft:bamboo":1,"minecraft:stone":17,"minecraft:oak_leaves":6},"minecraft:used":{"minecraft:water_bucket":5,"minecraft:stone_pickaxe":22,"minecraft:chest":1,"minecraft:wooden_pickaxe":9,"minecraft:shield":8,"minecraft:iron_sword":75,"minecraft:cooked_chicken":1,"minecraft:white_wool":1,"minecraft:crafting_table":8,"minecraft:smoker":6,"minecraft:wooden_axe":14,"minecraft:apple":25,"minecraft:iron_axe":33,"minecraft:iron_pickaxe":20,"minecraft:pink_petals":3,"minecraft:cobblestone":6,"minecraft:hay_block":8,"minecraft:furnace":2,"minecraft:cooked_porkchop":6,"minecraft:andesite_stairs":1,"minecraft:bucket":5,"minecraft:cooked_beef":1,"minecraft:stripped_spruce_wood":2},"minecraft:dropped":{"minecraft:sweet_berries":2,"minecraft:wheat_seeds":1,"minecraft:iron_nugget":4,"minecraft:cooked_chicken":3,"minecraft:crafting_table":2,"minecraft:rotten_flesh":7,"minecraft:clay_ball":10,"minecraft:honey_bottle":2,"minecraft:salmon":2,"minecraft:carrot":6,"minecraft:coal":14,"minecraft:cod":2,"minecraft:stick":8,"minecraft:melon_slice":5,"minecraft:oak_sapling":3,"minecraft:string":12},"minecraft:custom":{"minecraft:interact_with_furnace":30,"lootr:looted_stat":60,"minecraft:mob_kills":43,"minecraft:interact_with_crafting_table":16,"minecraft:open_barrel":1,"minecraft:leave_game":4,"minecraft:time_since_death":71500,"minecraft:climb_one_cm":6524,"minecraft:time_since_rest":71500,"minecraft:sprint_one_cm":257890,"minecraft:damage_taken":1002,"minecraft:walk_one_cm":97277,"minecraft:damage_blocked_by_shield":230,"minecraft:drop":25,"minecraft:damage_dealt":4963,"minecraft:talked_to_villager":1,"minecraft:swim_one_cm":20922,"minecraft:fly_one_cm":331098,"minecraft:crouch_one_cm":12526,"minecraft:play_time":71500,"minecraft:sneak_time":3504,"minecraft:walk_under_water_one_cm":2471,"minecraft:jump":1438,"minecraft:walk_on_water_one_cm":2457,"minecraft:total_world_time":71500,"minecraft:interact_with_smoker":20,"minecraft:fall_one_cm":46485},"minecraft:picked_up":{"minecraft:birch_log":3,"minecraft:pink_petals":3,"minecraft:crafting_table":11,"minecraft:feather":2,"minecraft:chicken":1,"minecraft:clay_ball":10,"minecraft:salmon":2,"minecraft:leather":12,"minecraft:smoker":8,"minecraft:potato":2,"minecraft:brewing_stand":1,"minecraft:stripped_spruce_wood":2,"minecraft:oak_log":5,"minecraft:gunpowder":1,"minecraft:string":12,"minecraft:bone":5,"minecraft:wheat_seeds":2,"minecraft:beef":19,"minecraft:andesite_stairs":1,"minecraft:cooked_chicken":3,"minecraft:lectern":3,"minecraft:chest":1,"minecraft:poppy":2,"minecraft:bamboo":4,"minecraft:melon_slice":5,"minecraft:sugar_cane":7,"minecraft:furnace":5,"minecraft:egg":1,"minecraft:stick":8,"minecraft:raw_iron":9,"minecraft:sweet_berries":2,"minecraft:copper_ingot":1,"minecraft:acacia_log":1,"minecraft:porkchop":21,"minecraft:sand":12,"minecraft:cherry_log":3,"minecraft:carrot":6,"minecraft:arrow":9,"minecraft:honey_bottle":2,"minecraft:rotten_flesh":17,"minecraft:hay_block":30,"minecraft:oak_sapling":4,"minecraft:damaged_anvil":1,"minecraft:mutton":14,"minecraft:cod":2,"minecraft:coal":31,"minecraft:white_wool":9,"minecraft:cobblestone":17},"minecraft:crafted":{"minecraft:cooked_beef":25,"minecraft:cherry_planks":12,"minecraft:red_dye":2,"minecraft:oak_planks":20,"minecraft:cooked_porkchop":13,"minecraft:crafting_table":1,"travelersbackpack:backpack_tank":2,"minecraft:cooked_chicken":1,"minecraft:baked_potato":16,"minecraft:wooden_pickaxe":1,"travelersbackpack:standard":1,"minecraft:furnace":1,"minecraft:red_wool":2,"minecraft:birch_planks":12,"minecraft:bread":3,"minecraft:cooked_mutton":17,"minecraft:air":0,"travelersbackpack:red_sleeping_bag":1,"minecraft:glass":12,"minecraft:iron_boots":1,"minecraft:shield":1,"minecraft:iron_axe":1,"minecraft:stick":18,"minecraft:iron_ingot":9,"minecraft:iron_pickaxe":1,"minecraft:stone_pickaxe":1,"minecraft:wooden_axe":1,"minecraft:chest":2,"minecraft:acacia_planks":4}},"DataVersion":3700}