{"stats":{"minecraft:picked_up":{"minecraft:crafting_table":1,"minecraft:rotten_flesh":2,"minecraft:acacia_log":2},"minecraft:crafted":{"minecraft:wooden_sword":1,"minecraft:acacia_planks":8,"minecraft:crafting_table":1,"minecraft:stick":4},"minecraft:custom":{"minecraft:time_since_rest":4658,"minecraft:sprint_one_cm":12262,"minecraft:play_time":4658,"minecraft:damage_taken":135,"minecraft:walk_one_cm":24716,"minecraft:mob_kills":1,"minecraft:jump":125,"minecraft:damage_dealt":98,"minecraft:leave_game":3,"minecraft:time_since_death":4658,"minecraft:total_world_time":4725,"minecraft:interact_with_crafting_table":3,"minecraft:fall_one_cm":3739,"minecraft:fly_one_cm":21481},"minecraft:used":{"minecraft:rotten_flesh":2,"minecraft:wooden_sword":1,"minecraft:crafting_table":1},"minecraft:mined":{"minecraft:acacia_log":2,"visualworkbench:minecraft/crafting_table":1},"minecraft:killed":{"minecraft:zombie":1}},"DataVersion":3700}